ANY,MES,"MOTIU",NUMERO,"CODI_ENS","NOM_ENS"
2021,1,"INSCRIPCIO INDEGUDA",45,"4314820002","AJUNTAMENT DE TARRAGONA"
2021,1,"EMIGRACIO",455,"4314820002","AJUNTAMENT DE TARRAGONA"
2021,1,"DEFUNCIO",140,"4314820002","AJUNTAMENT DE TARRAGONA"
2021,2,"INSCRIPCIO INDEGUDA",214,"4314820002","AJUNTAMENT DE TARRAGONA"
2021,2,"EMIGRACIO",434,"4314820002","AJUNTAMENT DE TARRAGONA"
2021,2,"DEFUNCIO",105,"4314820002","AJUNTAMENT DE TARRAGONA"
2021,3,"INSCRIPCIO INDEGUDA",54,"4314820002","AJUNTAMENT DE TARRAGONA"
2021,3,"EMIGRACIO",622,"4314820002","AJUNTAMENT DE TARRAGONA"
2021,3,"DEFUNCIO",93,"4314820002","AJUNTAMENT DE TARRAGONA"
2021,4,"INSCRIPCIO INDEGUDA",18,"4314820002","AJUNTAMENT DE TARRAGONA"
2021,4,"EMIGRACIO",474,"4314820002","AJUNTAMENT DE TARRAGONA"
2021,4,"DEFUNCIO",84,"4314820002","AJUNTAMENT DE TARRAGONA"
2021,5,"INSCRIPCIO INDEGUDA",770,"4314820002","AJUNTAMENT DE TARRAGONA"
2021,5,"EMIGRACIO",544,"4314820002","AJUNTAMENT DE TARRAGONA"
2021,5,"DEFUNCIO",82,"4314820002","AJUNTAMENT DE TARRAGONA"
2021,6,"INSCRIPCIO INDEGUDA",769,"4314820002","AJUNTAMENT DE TARRAGONA"
2021,6,"EMIGRACIO",465,"4314820002","AJUNTAMENT DE TARRAGONA"
2021,6,"DEFUNCIO",87,"4314820002","AJUNTAMENT DE TARRAGONA"
2021,7,"INSCRIPCIO INDEGUDA",808,"4314820002","AJUNTAMENT DE TARRAGONA"
2021,7,"EMIGRACIO",487,"4314820002","AJUNTAMENT DE TARRAGONA"
2021,7,"DEFUNCIO",82,"4314820002","AJUNTAMENT DE TARRAGONA"
2021,8,"EMIGRACIO",437,"4314820002","AJUNTAMENT DE TARRAGONA"
2021,8,"DEFUNCIO",82,"4314820002","AJUNTAMENT DE TARRAGONA"
2021,9,"INSCRIPCIO INDEGUDA",629,"4314820002","AJUNTAMENT DE TARRAGONA"
2021,9,"EMIGRACIO",558,"4314820002","AJUNTAMENT DE TARRAGONA"
2021,9,"DEFUNCIO",64,"4314820002","AJUNTAMENT DE TARRAGONA"
2021,10,"INSCRIPCIO INDEGUDA",582,"4314820002","AJUNTAMENT DE TARRAGONA"
2021,10,"EMIGRACIO",343,"4314820002","AJUNTAMENT DE TARRAGONA"
2021,10,"DEFUNCIO",2,"4314820002","AJUNTAMENT DE TARRAGONA"
2021,11,"INSCRIPCIO INDEGUDA",6,"4314820002","AJUNTAMENT DE TARRAGONA"
2021,11,"EMIGRACIO",6,"4314820002","AJUNTAMENT DE TARRAGONA"
2020,1,"INSCRIPCIO INDEGUDA",45,"4314820002","AJUNTAMENT DE TARRAGONA"
2020,1,"EMIGRACIO",490,"4314820002","AJUNTAMENT DE TARRAGONA"
2020,1,"DEFUNCIO",104,"4314820002","AJUNTAMENT DE TARRAGONA"
2020,2,"EMIGRACIO",508,"4314820002","AJUNTAMENT DE TARRAGONA"
2020,2,"DEFUNCIO",77,"4314820002","AJUNTAMENT DE TARRAGONA"
2020,3,"INSCRIPCIO INDEGUDA",123,"4314820002","AJUNTAMENT DE TARRAGONA"
2020,3,"EMIGRACIO",301,"4314820002","AJUNTAMENT DE TARRAGONA"
2020,3,"DEFUNCIO",117,"4314820002","AJUNTAMENT DE TARRAGONA"
2020,4,"EMIGRACIO",45,"4314820002","AJUNTAMENT DE TARRAGONA"
2020,4,"DEFUNCIO",135,"4314820002","AJUNTAMENT DE TARRAGONA"
2020,5,"INSCRIPCIO INDEGUDA",2,"4314820002","AJUNTAMENT DE TARRAGONA"
2020,5,"EMIGRACIO",232,"4314820002","AJUNTAMENT DE TARRAGONA"
2020,5,"DEFUNCIO",81,"4314820002","AJUNTAMENT DE TARRAGONA"
2020,6,"INSCRIPCIO INDEGUDA",2,"4314820002","AJUNTAMENT DE TARRAGONA"
2020,6,"EMIGRACIO",430,"4314820002","AJUNTAMENT DE TARRAGONA"
2020,6,"DEFUNCIO",74,"4314820002","AJUNTAMENT DE TARRAGONA"
2020,7,"INSCRIPCIO INDEGUDA",4,"4314820002","AJUNTAMENT DE TARRAGONA"
2020,7,"EMIGRACIO",562,"4314820002","AJUNTAMENT DE TARRAGONA"
2020,7,"DEFUNCIO",72,"4314820002","AJUNTAMENT DE TARRAGONA"
2020,8,"INSCRIPCIO INDEGUDA",1,"4314820002","AJUNTAMENT DE TARRAGONA"
2020,8,"EMIGRACIO",445,"4314820002","AJUNTAMENT DE TARRAGONA"
2020,8,"DEFUNCIO",90,"4314820002","AJUNTAMENT DE TARRAGONA"
2020,9,"INSCRIPCIO INDEGUDA",3,"4314820002","AJUNTAMENT DE TARRAGONA"
2020,9,"EMIGRACIO",551,"4314820002","AJUNTAMENT DE TARRAGONA"
2020,9,"DEFUNCIO",69,"4314820002","AJUNTAMENT DE TARRAGONA"
2020,10,"INSCRIPCIO INDEGUDA",651,"4314820002","AJUNTAMENT DE TARRAGONA"
2020,10,"EMIGRACIO",550,"4314820002","AJUNTAMENT DE TARRAGONA"
2020,10,"DEFUNCIO",119,"4314820002","AJUNTAMENT DE TARRAGONA"
2020,11,"INSCRIPCIO INDEGUDA",3,"4314820002","AJUNTAMENT DE TARRAGONA"
2020,11,"EMIGRACIO",609,"4314820002","AJUNTAMENT DE TARRAGONA"
2020,11,"DEFUNCIO",124,"4314820002","AJUNTAMENT DE TARRAGONA"
2020,12,"INSCRIPCIO INDEGUDA",553,"4314820002","AJUNTAMENT DE TARRAGONA"
2020,12,"EMIGRACIO",392,"4314820002","AJUNTAMENT DE TARRAGONA"
2020,12,"DEFUNCIO",89,"4314820002","AJUNTAMENT DE TARRAGONA"
2019,1,"INSCRIPCIO INDEGUDA",6,"4314820002","AJUNTAMENT DE TARRAGONA"
2019,1,"EMIGRACIO",521,"4314820002","AJUNTAMENT DE TARRAGONA"
2019,1,"DEFUNCIO",97,"4314820002","AJUNTAMENT DE TARRAGONA"
2019,2,"INSCRIPCIO INDEGUDA",11,"4314820002","AJUNTAMENT DE TARRAGONA"
2019,2,"EMIGRACIO",422,"4314820002","AJUNTAMENT DE TARRAGONA"
2019,2,"DEFUNCIO",90,"4314820002","AJUNTAMENT DE TARRAGONA"
2019,3,"INSCRIPCIO INDEGUDA",6,"4314820002","AJUNTAMENT DE TARRAGONA"
2019,3,"EMIGRACIO",488,"4314820002","AJUNTAMENT DE TARRAGONA"
2019,3,"DEFUNCIO",101,"4314820002","AJUNTAMENT DE TARRAGONA"
2019,4,"INSCRIPCIO INDEGUDA",6,"4314820002","AJUNTAMENT DE TARRAGONA"
2019,4,"EMIGRACIO",426,"4314820002","AJUNTAMENT DE TARRAGONA"
2019,4,"DEFUNCIO",88,"4314820002","AJUNTAMENT DE TARRAGONA"
2019,5,"INSCRIPCIO INDEGUDA",108,"4314820002","AJUNTAMENT DE TARRAGONA"
2019,5,"EMIGRACIO",501,"4314820002","AJUNTAMENT DE TARRAGONA"
2019,5,"DEFUNCIO",87,"4314820002","AJUNTAMENT DE TARRAGONA"
2019,6,"INSCRIPCIO INDEGUDA",309,"4314820002","AJUNTAMENT DE TARRAGONA"
2019,6,"EMIGRACIO",451,"4314820002","AJUNTAMENT DE TARRAGONA"
2019,6,"DEFUNCIO",69,"4314820002","AJUNTAMENT DE TARRAGONA"
2019,7,"INSCRIPCIO INDEGUDA",707,"4314820002","AJUNTAMENT DE TARRAGONA"
2019,7,"EMIGRACIO",504,"4314820002","AJUNTAMENT DE TARRAGONA"
2019,7,"DEFUNCIO",92,"4314820002","AJUNTAMENT DE TARRAGONA"
2019,8,"INSCRIPCIO INDEGUDA",5,"4314820002","AJUNTAMENT DE TARRAGONA"
2019,8,"EMIGRACIO",350,"4314820002","AJUNTAMENT DE TARRAGONA"
2019,8,"DEFUNCIO",83,"4314820002","AJUNTAMENT DE TARRAGONA"
2019,9,"INSCRIPCIO INDEGUDA",3,"4314820002","AJUNTAMENT DE TARRAGONA"
2019,9,"EMIGRACIO",637,"4314820002","AJUNTAMENT DE TARRAGONA"
2019,9,"DEFUNCIO",91,"4314820002","AJUNTAMENT DE TARRAGONA"
2019,10,"INSCRIPCIO INDEGUDA",11,"4314820002","AJUNTAMENT DE TARRAGONA"
2019,10,"EMIGRACIO",558,"4314820002","AJUNTAMENT DE TARRAGONA"
2019,10,"DEFUNCIO",80,"4314820002","AJUNTAMENT DE TARRAGONA"
2019,11,"INSCRIPCIO INDEGUDA",10,"4314820002","AJUNTAMENT DE TARRAGONA"
2019,11,"EMIGRACIO",456,"4314820002","AJUNTAMENT DE TARRAGONA"
2019,11,"DEFUNCIO",89,"4314820002","AJUNTAMENT DE TARRAGONA"
2019,12,"INSCRIPCIO INDEGUDA",9,"4314820002","AJUNTAMENT DE TARRAGONA"
2019,12,"EMIGRACIO",409,"4314820002","AJUNTAMENT DE TARRAGONA"
2019,12,"DEFUNCIO",99,"4314820002","AJUNTAMENT DE TARRAGONA"
2018,1,"INSCRIPCIO INDEGUDA",3,"4314820002","AJUNTAMENT DE TARRAGONA"
2018,1,"EMIGRACIO",490,"4314820002","AJUNTAMENT DE TARRAGONA"
2018,1,"DEFUNCIO",118,"4314820002","AJUNTAMENT DE TARRAGONA"
2018,2,"INSCRIPCIO INDEGUDA",4,"4314820002","AJUNTAMENT DE TARRAGONA"
2018,2,"EMIGRACIO",403,"4314820002","AJUNTAMENT DE TARRAGONA"
2018,2,"DEFUNCIO",96,"4314820002","AJUNTAMENT DE TARRAGONA"
2018,3,"INSCRIPCIO INDEGUDA",2,"4314820002","AJUNTAMENT DE TARRAGONA"
2018,3,"EMIGRACIO",412,"4314820002","AJUNTAMENT DE TARRAGONA"
2018,3,"DEFUNCIO",95,"4314820002","AJUNTAMENT DE TARRAGONA"
2018,4,"INSCRIPCIO INDEGUDA",6,"4314820002","AJUNTAMENT DE TARRAGONA"
2018,4,"EMIGRACIO",482,"4314820002","AJUNTAMENT DE TARRAGONA"
2018,4,"DEFUNCIO",87,"4314820002","AJUNTAMENT DE TARRAGONA"
2018,5,"INSCRIPCIO INDEGUDA",9,"4314820002","AJUNTAMENT DE TARRAGONA"
2018,5,"EMIGRACIO",480,"4314820002","AJUNTAMENT DE TARRAGONA"
2018,5,"DEFUNCIO",79,"4314820002","AJUNTAMENT DE TARRAGONA"
2018,6,"INSCRIPCIO INDEGUDA",9,"4314820002","AJUNTAMENT DE TARRAGONA"
2018,6,"EMIGRACIO",402,"4314820002","AJUNTAMENT DE TARRAGONA"
2018,6,"DEFUNCIO",84,"4314820002","AJUNTAMENT DE TARRAGONA"
2018,7,"INSCRIPCIO INDEGUDA",9,"4314820002","AJUNTAMENT DE TARRAGONA"
2018,7,"EMIGRACIO",492,"4314820002","AJUNTAMENT DE TARRAGONA"
2018,7,"DEFUNCIO",78,"4314820002","AJUNTAMENT DE TARRAGONA"
2018,8,"INSCRIPCIO INDEGUDA",178,"4314820002","AJUNTAMENT DE TARRAGONA"
2018,8,"EMIGRACIO",440,"4314820002","AJUNTAMENT DE TARRAGONA"
2018,8,"DEFUNCIO",92,"4314820002","AJUNTAMENT DE TARRAGONA"
2018,9,"INSCRIPCIO INDEGUDA",5,"4314820002","AJUNTAMENT DE TARRAGONA"
2018,9,"EMIGRACIO",510,"4314820002","AJUNTAMENT DE TARRAGONA"
2018,9,"DEFUNCIO",61,"4314820002","AJUNTAMENT DE TARRAGONA"
2018,10,"INSCRIPCIO INDEGUDA",5,"4314820002","AJUNTAMENT DE TARRAGONA"
2018,10,"EMIGRACIO",559,"4314820002","AJUNTAMENT DE TARRAGONA"
2018,10,"DEFUNCIO",94,"4314820002","AJUNTAMENT DE TARRAGONA"
2018,11,"INSCRIPCIO INDEGUDA",5,"4314820002","AJUNTAMENT DE TARRAGONA"
2018,11,"EMIGRACIO",464,"4314820002","AJUNTAMENT DE TARRAGONA"
2018,11,"DEFUNCIO",71,"4314820002","AJUNTAMENT DE TARRAGONA"
2018,12,"INSCRIPCIO INDEGUDA",3,"4314820002","AJUNTAMENT DE TARRAGONA"
2018,12,"EMIGRACIO",401,"4314820002","AJUNTAMENT DE TARRAGONA"
2018,12,"DEFUNCIO",91,"4314820002","AJUNTAMENT DE TARRAGONA"
2017,1,"INSCRIPCIO INDEGUDA",5,"4314820002","AJUNTAMENT DE TARRAGONA"
2017,1,"EMIGRACIO",396,"4314820002","AJUNTAMENT DE TARRAGONA"
2017,1,"DEFUNCIO",124,"4314820002","AJUNTAMENT DE TARRAGONA"
2017,2,"INSCRIPCIO INDEGUDA",4,"4314820002","AJUNTAMENT DE TARRAGONA"
2017,2,"EMIGRACIO",342,"4314820002","AJUNTAMENT DE TARRAGONA"
2017,2,"DEFUNCIO",85,"4314820002","AJUNTAMENT DE TARRAGONA"
2017,3,"INSCRIPCIO INDEGUDA",5,"4314820002","AJUNTAMENT DE TARRAGONA"
2017,3,"EMIGRACIO",468,"4314820002","AJUNTAMENT DE TARRAGONA"
2017,3,"DEFUNCIO",83,"4314820002","AJUNTAMENT DE TARRAGONA"
2017,4,"INSCRIPCIO INDEGUDA",4,"4314820002","AJUNTAMENT DE TARRAGONA"
2017,4,"EMIGRACIO",392,"4314820002","AJUNTAMENT DE TARRAGONA"
2017,4,"DEFUNCIO",85,"4314820002","AJUNTAMENT DE TARRAGONA"
2017,5,"INSCRIPCIO INDEGUDA",6,"4314820002","AJUNTAMENT DE TARRAGONA"
2017,5,"EMIGRACIO",448,"4314820002","AJUNTAMENT DE TARRAGONA"
2017,5,"DEFUNCIO",88,"4314820002","AJUNTAMENT DE TARRAGONA"
2017,6,"INSCRIPCIO INDEGUDA",8,"4314820002","AJUNTAMENT DE TARRAGONA"
2017,6,"EMIGRACIO",404,"4314820002","AJUNTAMENT DE TARRAGONA"
2017,6,"DEFUNCIO",79,"4314820002","AJUNTAMENT DE TARRAGONA"
2017,7,"INSCRIPCIO INDEGUDA",3,"4314820002","AJUNTAMENT DE TARRAGONA"
2017,7,"EMIGRACIO",403,"4314820002","AJUNTAMENT DE TARRAGONA"
2017,7,"DEFUNCIO",90,"4314820002","AJUNTAMENT DE TARRAGONA"
2017,8,"INSCRIPCIO INDEGUDA",382,"4314820002","AJUNTAMENT DE TARRAGONA"
2017,8,"EMIGRACIO",421,"4314820002","AJUNTAMENT DE TARRAGONA"
2017,8,"DEFUNCIO",63,"4314820002","AJUNTAMENT DE TARRAGONA"
2017,9,"INSCRIPCIO INDEGUDA",7,"4314820002","AJUNTAMENT DE TARRAGONA"
2017,9,"EMIGRACIO",515,"4314820002","AJUNTAMENT DE TARRAGONA"
2017,9,"DEFUNCIO",63,"4314820002","AJUNTAMENT DE TARRAGONA"
2017,10,"INSCRIPCIO INDEGUDA",107,"4314820002","AJUNTAMENT DE TARRAGONA"
2017,10,"EMIGRACIO",472,"4314820002","AJUNTAMENT DE TARRAGONA"
2017,10,"DEFUNCIO",97,"4314820002","AJUNTAMENT DE TARRAGONA"
2017,11,"EMIGRACIO",433,"4314820002","AJUNTAMENT DE TARRAGONA"
2017,11,"DEFUNCIO",80,"4314820002","AJUNTAMENT DE TARRAGONA"
2017,12,"INSCRIPCIO INDEGUDA",3,"4314820002","AJUNTAMENT DE TARRAGONA"
2017,12,"EMIGRACIO",354,"4314820002","AJUNTAMENT DE TARRAGONA"
2017,12,"DEFUNCIO",121,"4314820002","AJUNTAMENT DE TARRAGONA"
2016,1,"INSCRIPCIO INDEGUDA",5,"4314820002","AJUNTAMENT DE TARRAGONA"
2016,1,"EMIGRACIO",405,"4314820002","AJUNTAMENT DE TARRAGONA"
2016,1,"DEFUNCIO",98,"4314820002","AJUNTAMENT DE TARRAGONA"
2016,2,"INSCRIPCIO INDEGUDA",11,"4314820002","AJUNTAMENT DE TARRAGONA"
2016,2,"EMIGRACIO",431,"4314820002","AJUNTAMENT DE TARRAGONA"
2016,2,"DEFUNCIO",94,"4314820002","AJUNTAMENT DE TARRAGONA"
2016,3,"INSCRIPCIO INDEGUDA",6,"4314820002","AJUNTAMENT DE TARRAGONA"
2016,3,"EMIGRACIO",375,"4314820002","AJUNTAMENT DE TARRAGONA"
2016,3,"DEFUNCIO",112,"4314820002","AJUNTAMENT DE TARRAGONA"
2016,4,"INSCRIPCIO INDEGUDA",132,"4314820002","AJUNTAMENT DE TARRAGONA"
2016,4,"EMIGRACIO",501,"4314820002","AJUNTAMENT DE TARRAGONA"
2016,4,"DEFUNCIO",82,"4314820002","AJUNTAMENT DE TARRAGONA"
2016,5,"INSCRIPCIO INDEGUDA",3,"4314820002","AJUNTAMENT DE TARRAGONA"
2016,5,"EMIGRACIO",416,"4314820002","AJUNTAMENT DE TARRAGONA"
2016,5,"DEFUNCIO",72,"4314820002","AJUNTAMENT DE TARRAGONA"
2016,6,"INSCRIPCIO INDEGUDA",6,"4314820002","AJUNTAMENT DE TARRAGONA"
2016,6,"EMIGRACIO",369,"4314820002","AJUNTAMENT DE TARRAGONA"
2016,6,"DEFUNCIO",60,"4314820002","AJUNTAMENT DE TARRAGONA"
2016,7,"INSCRIPCIO INDEGUDA",81,"4314820002","AJUNTAMENT DE TARRAGONA"
2016,7,"EMIGRACIO",400,"4314820002","AJUNTAMENT DE TARRAGONA"
2016,7,"DEFUNCIO",98,"4314820002","AJUNTAMENT DE TARRAGONA"
2016,8,"INSCRIPCIO INDEGUDA",496,"4314820002","AJUNTAMENT DE TARRAGONA"
2016,8,"EMIGRACIO",393,"4314820002","AJUNTAMENT DE TARRAGONA"
2016,8,"DEFUNCIO",79,"4314820002","AJUNTAMENT DE TARRAGONA"
2016,9,"INSCRIPCIO INDEGUDA",7,"4314820002","AJUNTAMENT DE TARRAGONA"
2016,9,"EMIGRACIO",488,"4314820002","AJUNTAMENT DE TARRAGONA"
2016,9,"DEFUNCIO",88,"4314820002","AJUNTAMENT DE TARRAGONA"
2016,10,"INSCRIPCIO INDEGUDA",819,"4314820002","AJUNTAMENT DE TARRAGONA"
2016,10,"EMIGRACIO",400,"4314820002","AJUNTAMENT DE TARRAGONA"
2016,10,"DEFUNCIO",82,"4314820002","AJUNTAMENT DE TARRAGONA"
2016,11,"INSCRIPCIO INDEGUDA",1,"4314820002","AJUNTAMENT DE TARRAGONA"
2016,11,"EMIGRACIO",449,"4314820002","AJUNTAMENT DE TARRAGONA"
2016,11,"DEFUNCIO",86,"4314820002","AJUNTAMENT DE TARRAGONA"
2016,12,"INSCRIPCIO INDEGUDA",5,"4314820002","AJUNTAMENT DE TARRAGONA"
2016,12,"EMIGRACIO",332,"4314820002","AJUNTAMENT DE TARRAGONA"
2016,12,"DEFUNCIO",100,"4314820002","AJUNTAMENT DE TARRAGONA"
2015,1,"INSCRIPCIO INDEGUDA",3,"4314820002","AJUNTAMENT DE TARRAGONA"
2015,1,"EMIGRACIO",394,"4314820002","AJUNTAMENT DE TARRAGONA"
2015,1,"DEFUNCIO",112,"4314820002","AJUNTAMENT DE TARRAGONA"
2015,2,"INSCRIPCIO INDEGUDA",6,"4314820002","AJUNTAMENT DE TARRAGONA"
2015,2,"EMIGRACIO",443,"4314820002","AJUNTAMENT DE TARRAGONA"
2015,2,"DEFUNCIO",95,"4314820002","AJUNTAMENT DE TARRAGONA"
2015,3,"INSCRIPCIO INDEGUDA",5,"4314820002","AJUNTAMENT DE TARRAGONA"
2015,3,"EMIGRACIO",468,"4314820002","AJUNTAMENT DE TARRAGONA"
2015,3,"DEFUNCIO",98,"4314820002","AJUNTAMENT DE TARRAGONA"
2015,4,"INSCRIPCIO INDEGUDA",3,"4314820002","AJUNTAMENT DE TARRAGONA"
2015,4,"EMIGRACIO",431,"4314820002","AJUNTAMENT DE TARRAGONA"
2015,4,"DEFUNCIO",81,"4314820002","AJUNTAMENT DE TARRAGONA"
2015,5,"INSCRIPCIO INDEGUDA",2,"4314820002","AJUNTAMENT DE TARRAGONA"
2015,5,"EMIGRACIO",451,"4314820002","AJUNTAMENT DE TARRAGONA"
2015,5,"DEFUNCIO",69,"4314820002","AJUNTAMENT DE TARRAGONA"
2015,6,"INSCRIPCIO INDEGUDA",96,"4314820002","AJUNTAMENT DE TARRAGONA"
2015,6,"EMIGRACIO",468,"4314820002","AJUNTAMENT DE TARRAGONA"
2015,6,"DEFUNCIO",82,"4314820002","AJUNTAMENT DE TARRAGONA"
2015,7,"INSCRIPCIO INDEGUDA",6,"4314820002","AJUNTAMENT DE TARRAGONA"
2015,7,"EMIGRACIO",501,"4314820002","AJUNTAMENT DE TARRAGONA"
2015,7,"DEFUNCIO",72,"4314820002","AJUNTAMENT DE TARRAGONA"
2015,8,"INSCRIPCIO INDEGUDA",85,"4314820002","AJUNTAMENT DE TARRAGONA"
2015,8,"EMIGRACIO",426,"4314820002","AJUNTAMENT DE TARRAGONA"
2015,8,"DEFUNCIO",80,"4314820002","AJUNTAMENT DE TARRAGONA"
2015,9,"INSCRIPCIO INDEGUDA",1,"4314820002","AJUNTAMENT DE TARRAGONA"
2015,9,"EMIGRACIO",465,"4314820002","AJUNTAMENT DE TARRAGONA"
2015,9,"DEFUNCIO",77,"4314820002","AJUNTAMENT DE TARRAGONA"
2015,10,"INSCRIPCIO INDEGUDA",6,"4314820002","AJUNTAMENT DE TARRAGONA"
2015,10,"EMIGRACIO",418,"4314820002","AJUNTAMENT DE TARRAGONA"
2015,10,"DEFUNCIO",80,"4314820002","AJUNTAMENT DE TARRAGONA"
2015,11,"INSCRIPCIO INDEGUDA",3,"4314820002","AJUNTAMENT DE TARRAGONA"
2015,11,"EMIGRACIO",404,"4314820002","AJUNTAMENT DE TARRAGONA"
2015,11,"DEFUNCIO",75,"4314820002","AJUNTAMENT DE TARRAGONA"
2015,12,"INSCRIPCIO INDEGUDA",3,"4314820002","AJUNTAMENT DE TARRAGONA"
2015,12,"EMIGRACIO",382,"4314820002","AJUNTAMENT DE TARRAGONA"
2015,12,"DEFUNCIO",99,"4314820002","AJUNTAMENT DE TARRAGONA"
2014,1,"INSCRIPCIO INDEGUDA",473,"4314820002","AJUNTAMENT DE TARRAGONA"
2014,1,"EMIGRACIO",412,"4314820002","AJUNTAMENT DE TARRAGONA"
2014,1,"DEFUNCIO",97,"4314820002","AJUNTAMENT DE TARRAGONA"
2014,2,"INSCRIPCIO INDEGUDA",5,"4314820002","AJUNTAMENT DE TARRAGONA"
2014,2,"EMIGRACIO",422,"4314820002","AJUNTAMENT DE TARRAGONA"
2014,2,"DEFUNCIO",79,"4314820002","AJUNTAMENT DE TARRAGONA"
2014,3,"INSCRIPCIO INDEGUDA",7,"4314820002","AJUNTAMENT DE TARRAGONA"
2014,3,"EMIGRACIO",507,"4314820002","AJUNTAMENT DE TARRAGONA"
2014,3,"DEFUNCIO",99,"4314820002","AJUNTAMENT DE TARRAGONA"
2014,4,"INSCRIPCIO INDEGUDA",251,"4314820002","AJUNTAMENT DE TARRAGONA"
2014,4,"EMIGRACIO",376,"4314820002","AJUNTAMENT DE TARRAGONA"
2014,4,"DEFUNCIO",73,"4314820002","AJUNTAMENT DE TARRAGONA"
2014,5,"INSCRIPCIO INDEGUDA",4,"4314820002","AJUNTAMENT DE TARRAGONA"
2014,5,"EMIGRACIO",501,"4314820002","AJUNTAMENT DE TARRAGONA"
2014,5,"DEFUNCIO",73,"4314820002","AJUNTAMENT DE TARRAGONA"
2014,6,"INSCRIPCIO INDEGUDA",10,"4314820002","AJUNTAMENT DE TARRAGONA"
2014,6,"EMIGRACIO",432,"4314820002","AJUNTAMENT DE TARRAGONA"
2014,6,"DEFUNCIO",74,"4314820002","AJUNTAMENT DE TARRAGONA"
2014,7,"INSCRIPCIO INDEGUDA",144,"4314820002","AJUNTAMENT DE TARRAGONA"
2014,7,"EMIGRACIO",446,"4314820002","AJUNTAMENT DE TARRAGONA"
2014,7,"DEFUNCIO",81,"4314820002","AJUNTAMENT DE TARRAGONA"
2014,8,"INSCRIPCIO INDEGUDA",5,"4314820002","AJUNTAMENT DE TARRAGONA"
2014,8,"EMIGRACIO",365,"4314820002","AJUNTAMENT DE TARRAGONA"
2014,8,"DEFUNCIO",68,"4314820002","AJUNTAMENT DE TARRAGONA"
2014,9,"INSCRIPCIO INDEGUDA",12,"4314820002","AJUNTAMENT DE TARRAGONA"
2014,9,"EMIGRACIO",495,"4314820002","AJUNTAMENT DE TARRAGONA"
2014,9,"DEFUNCIO",69,"4314820002","AJUNTAMENT DE TARRAGONA"
2014,10,"INSCRIPCIO INDEGUDA",7,"4314820002","AJUNTAMENT DE TARRAGONA"
2014,10,"EMIGRACIO",429,"4314820002","AJUNTAMENT DE TARRAGONA"
2014,10,"DEFUNCIO",78,"4314820002","AJUNTAMENT DE TARRAGONA"
2014,11,"INSCRIPCIO INDEGUDA",5,"4314820002","AJUNTAMENT DE TARRAGONA"
2014,11,"EMIGRACIO",388,"4314820002","AJUNTAMENT DE TARRAGONA"
2014,11,"DEFUNCIO",68,"4314820002","AJUNTAMENT DE TARRAGONA"
2014,12,"INSCRIPCIO INDEGUDA",4,"4314820002","AJUNTAMENT DE TARRAGONA"
2014,12,"EMIGRACIO",331,"4314820002","AJUNTAMENT DE TARRAGONA"
2014,12,"DEFUNCIO",75,"4314820002","AJUNTAMENT DE TARRAGONA"
2013,1,"INSCRIPCIO INDEGUDA",9,"4314820002","AJUNTAMENT DE TARRAGONA"
2013,1,"EMIGRACIO",484,"4314820002","AJUNTAMENT DE TARRAGONA"
2013,1,"DEFUNCIO",87,"4314820002","AJUNTAMENT DE TARRAGONA"
2013,2,"INSCRIPCIO INDEGUDA",590,"4314820002","AJUNTAMENT DE TARRAGONA"
2013,2,"EMIGRACIO",407,"4314820002","AJUNTAMENT DE TARRAGONA"
2013,2,"DEFUNCIO",89,"4314820002","AJUNTAMENT DE TARRAGONA"
2013,3,"INSCRIPCIO INDEGUDA",9,"4314820002","AJUNTAMENT DE TARRAGONA"
2013,3,"EMIGRACIO",458,"4314820002","AJUNTAMENT DE TARRAGONA"
2013,3,"DEFUNCIO",91,"4314820002","AJUNTAMENT DE TARRAGONA"
2013,4,"INSCRIPCIO INDEGUDA",7,"4314820002","AJUNTAMENT DE TARRAGONA"
2013,4,"EMIGRACIO",436,"4314820002","AJUNTAMENT DE TARRAGONA"
2013,4,"DEFUNCIO",84,"4314820002","AJUNTAMENT DE TARRAGONA"
2013,5,"INSCRIPCIO INDEGUDA",14,"4314820002","AJUNTAMENT DE TARRAGONA"
2013,5,"EMIGRACIO",457,"4314820002","AJUNTAMENT DE TARRAGONA"
2013,5,"DEFUNCIO",71,"4314820002","AJUNTAMENT DE TARRAGONA"
2013,6,"INSCRIPCIO INDEGUDA",246,"4314820002","AJUNTAMENT DE TARRAGONA"
2013,6,"EMIGRACIO",438,"4314820002","AJUNTAMENT DE TARRAGONA"
2013,6,"DEFUNCIO",79,"4314820002","AJUNTAMENT DE TARRAGONA"
2013,7,"INSCRIPCIO INDEGUDA",7,"4314820002","AJUNTAMENT DE TARRAGONA"
2013,7,"EMIGRACIO",497,"4314820002","AJUNTAMENT DE TARRAGONA"
2013,7,"DEFUNCIO",96,"4314820002","AJUNTAMENT DE TARRAGONA"
2013,8,"INSCRIPCIO INDEGUDA",2,"4314820002","AJUNTAMENT DE TARRAGONA"
2013,8,"EMIGRACIO",365,"4314820002","AJUNTAMENT DE TARRAGONA"
2013,8,"DEFUNCIO",85,"4314820002","AJUNTAMENT DE TARRAGONA"
2013,9,"INSCRIPCIO INDEGUDA",8,"4314820002","AJUNTAMENT DE TARRAGONA"
2013,9,"EMIGRACIO",466,"4314820002","AJUNTAMENT DE TARRAGONA"
2013,9,"DEFUNCIO",72,"4314820002","AJUNTAMENT DE TARRAGONA"
2013,10,"INSCRIPCIO INDEGUDA",217,"4314820002","AJUNTAMENT DE TARRAGONA"
2013,10,"EMIGRACIO",464,"4314820002","AJUNTAMENT DE TARRAGONA"
2013,10,"DEFUNCIO",82,"4314820002","AJUNTAMENT DE TARRAGONA"
2013,11,"INSCRIPCIO INDEGUDA",7,"4314820002","AJUNTAMENT DE TARRAGONA"
2013,11,"EMIGRACIO",374,"4314820002","AJUNTAMENT DE TARRAGONA"
2013,11,"DEFUNCIO",74,"4314820002","AJUNTAMENT DE TARRAGONA"
2013,12,"INSCRIPCIO INDEGUDA",22,"4314820002","AJUNTAMENT DE TARRAGONA"
2013,12,"EMIGRACIO",323,"4314820002","AJUNTAMENT DE TARRAGONA"
2013,12,"DEFUNCIO",96,"4314820002","AJUNTAMENT DE TARRAGONA"
2012,1,"INSCRIPCIO INDEGUDA",9,"4314820002","AJUNTAMENT DE TARRAGONA"
2012,1,"EMIGRACIO",484,"4314820002","AJUNTAMENT DE TARRAGONA"
2012,1,"DEFUNCIO",75,"4314820002","AJUNTAMENT DE TARRAGONA"
2012,2,"INSCRIPCIO INDEGUDA",133,"4314820002","AJUNTAMENT DE TARRAGONA"
2012,2,"EMIGRACIO",460,"4314820002","AJUNTAMENT DE TARRAGONA"
2012,2,"DEFUNCIO",110,"4314820002","AJUNTAMENT DE TARRAGONA"
2012,3,"INSCRIPCIO INDEGUDA",6,"4314820002","AJUNTAMENT DE TARRAGONA"
2012,3,"EMIGRACIO",501,"4314820002","AJUNTAMENT DE TARRAGONA"
2012,3,"DEFUNCIO",94,"4314820002","AJUNTAMENT DE TARRAGONA"
2012,4,"INSCRIPCIO INDEGUDA",7,"4314820002","AJUNTAMENT DE TARRAGONA"
2012,4,"EMIGRACIO",393,"4314820002","AJUNTAMENT DE TARRAGONA"
2012,4,"DEFUNCIO",66,"4314820002","AJUNTAMENT DE TARRAGONA"
2012,5,"INSCRIPCIO INDEGUDA",6,"4314820002","AJUNTAMENT DE TARRAGONA"
2012,5,"EMIGRACIO",501,"4314820002","AJUNTAMENT DE TARRAGONA"
2012,5,"DEFUNCIO",95,"4314820002","AJUNTAMENT DE TARRAGONA"
2012,6,"INSCRIPCIO INDEGUDA",380,"4314820002","AJUNTAMENT DE TARRAGONA"
2012,6,"EMIGRACIO",455,"4314820002","AJUNTAMENT DE TARRAGONA"
2012,6,"DEFUNCIO",78,"4314820002","AJUNTAMENT DE TARRAGONA"
2012,7,"INSCRIPCIO INDEGUDA",9,"4314820002","AJUNTAMENT DE TARRAGONA"
2012,7,"EMIGRACIO",516,"4314820002","AJUNTAMENT DE TARRAGONA"
2012,7,"DEFUNCIO",57,"4314820002","AJUNTAMENT DE TARRAGONA"
2012,8,"INSCRIPCIO INDEGUDA",5,"4314820002","AJUNTAMENT DE TARRAGONA"
2012,8,"EMIGRACIO",492,"4314820002","AJUNTAMENT DE TARRAGONA"
2012,8,"DEFUNCIO",74,"4314820002","AJUNTAMENT DE TARRAGONA"
2012,9,"INSCRIPCIO INDEGUDA",3,"4314820002","AJUNTAMENT DE TARRAGONA"
2012,9,"EMIGRACIO",608,"4314820002","AJUNTAMENT DE TARRAGONA"
2012,9,"DEFUNCIO",76,"4314820002","AJUNTAMENT DE TARRAGONA"
2012,10,"INSCRIPCIO INDEGUDA",3,"4314820002","AJUNTAMENT DE TARRAGONA"
2012,10,"EMIGRACIO",488,"4314820002","AJUNTAMENT DE TARRAGONA"
2012,10,"DEFUNCIO",89,"4314820002","AJUNTAMENT DE TARRAGONA"
2012,11,"INSCRIPCIO INDEGUDA",4,"4314820002","AJUNTAMENT DE TARRAGONA"
2012,11,"EMIGRACIO",405,"4314820002","AJUNTAMENT DE TARRAGONA"
2012,11,"DEFUNCIO",73,"4314820002","AJUNTAMENT DE TARRAGONA"
2012,12,"INSCRIPCIO INDEGUDA",7,"4314820002","AJUNTAMENT DE TARRAGONA"
2012,12,"EMIGRACIO",411,"4314820002","AJUNTAMENT DE TARRAGONA"
2012,12,"DEFUNCIO",77,"4314820002","AJUNTAMENT DE TARRAGONA"
2011,1,"INSCRIPCIO INDEGUDA",15,"4314820002","AJUNTAMENT DE TARRAGONA"
2011,1,"EMIGRACIO",471,"4314820002","AJUNTAMENT DE TARRAGONA"
2011,1,"DEFUNCIO",106,"4314820002","AJUNTAMENT DE TARRAGONA"
2011,2,"INSCRIPCIO INDEGUDA",16,"4314820002","AJUNTAMENT DE TARRAGONA"
2011,2,"EMIGRACIO",516,"4314820002","AJUNTAMENT DE TARRAGONA"
2011,2,"DEFUNCIO",92,"4314820002","AJUNTAMENT DE TARRAGONA"
2011,3,"INSCRIPCIO INDEGUDA",9,"4314820002","AJUNTAMENT DE TARRAGONA"
2011,3,"EMIGRACIO",517,"4314820002","AJUNTAMENT DE TARRAGONA"
2011,3,"DEFUNCIO",104,"4314820002","AJUNTAMENT DE TARRAGONA"
2011,4,"INSCRIPCIO INDEGUDA",9,"4314820002","AJUNTAMENT DE TARRAGONA"
2011,4,"EMIGRACIO",404,"4314820002","AJUNTAMENT DE TARRAGONA"
2011,4,"DEFUNCIO",83,"4314820002","AJUNTAMENT DE TARRAGONA"
2011,5,"INSCRIPCIO INDEGUDA",304,"4314820002","AJUNTAMENT DE TARRAGONA"
2011,5,"EMIGRACIO",555,"4314820002","AJUNTAMENT DE TARRAGONA"
2011,5,"DEFUNCIO",85,"4314820002","AJUNTAMENT DE TARRAGONA"
2011,6,"INSCRIPCIO INDEGUDA",12,"4314820002","AJUNTAMENT DE TARRAGONA"
2011,6,"EMIGRACIO",482,"4314820002","AJUNTAMENT DE TARRAGONA"
2011,6,"DEFUNCIO",74,"4314820002","AJUNTAMENT DE TARRAGONA"
2011,7,"INSCRIPCIO INDEGUDA",15,"4314820002","AJUNTAMENT DE TARRAGONA"
2011,7,"EMIGRACIO",450,"4314820002","AJUNTAMENT DE TARRAGONA"
2011,7,"DEFUNCIO",66,"4314820002","AJUNTAMENT DE TARRAGONA"
2011,8,"INSCRIPCIO INDEGUDA",6,"4314820002","AJUNTAMENT DE TARRAGONA"
2011,8,"EMIGRACIO",479,"4314820002","AJUNTAMENT DE TARRAGONA"
2011,8,"DEFUNCIO",77,"4314820002","AJUNTAMENT DE TARRAGONA"
2011,9,"INSCRIPCIO INDEGUDA",15,"4314820002","AJUNTAMENT DE TARRAGONA"
2011,9,"EMIGRACIO",648,"4314820002","AJUNTAMENT DE TARRAGONA"
2011,9,"DEFUNCIO",83,"4314820002","AJUNTAMENT DE TARRAGONA"
2011,10,"INSCRIPCIO INDEGUDA",17,"4314820002","AJUNTAMENT DE TARRAGONA"
2011,10,"EMIGRACIO",475,"4314820002","AJUNTAMENT DE TARRAGONA"
2011,10,"DEFUNCIO",85,"4314820002","AJUNTAMENT DE TARRAGONA"
2011,11,"INSCRIPCIO INDEGUDA",194,"4314820002","AJUNTAMENT DE TARRAGONA"
2011,11,"EMIGRACIO",425,"4314820002","AJUNTAMENT DE TARRAGONA"
2011,11,"DEFUNCIO",70,"4314820002","AJUNTAMENT DE TARRAGONA"
2011,12,"INSCRIPCIO INDEGUDA",14,"4314820002","AJUNTAMENT DE TARRAGONA"
2011,12,"EMIGRACIO",407,"4314820002","AJUNTAMENT DE TARRAGONA"
2011,12,"DEFUNCIO",94,"4314820002","AJUNTAMENT DE TARRAGONA"
2010,1,"INSCRIPCIO INDEGUDA",16,"4314820002","AJUNTAMENT DE TARRAGONA"
2010,1,"EMIGRACIO",466,"4314820002","AJUNTAMENT DE TARRAGONA"
2010,1,"DEFUNCIO",97,"4314820002","AJUNTAMENT DE TARRAGONA"
2010,2,"INSCRIPCIO INDEGUDA",690,"4314820002","AJUNTAMENT DE TARRAGONA"
2010,2,"EMIGRACIO",540,"4314820002","AJUNTAMENT DE TARRAGONA"
2010,2,"DEFUNCIO",74,"4314820002","AJUNTAMENT DE TARRAGONA"
2010,3,"INSCRIPCIO INDEGUDA",19,"4314820002","AJUNTAMENT DE TARRAGONA"
2010,3,"EMIGRACIO",548,"4314820002","AJUNTAMENT DE TARRAGONA"
2010,3,"DEFUNCIO",90,"4314820002","AJUNTAMENT DE TARRAGONA"
2010,4,"INSCRIPCIO INDEGUDA",9,"4314820002","AJUNTAMENT DE TARRAGONA"
2010,4,"EMIGRACIO",503,"4314820002","AJUNTAMENT DE TARRAGONA"
2010,4,"DEFUNCIO",62,"4314820002","AJUNTAMENT DE TARRAGONA"
2010,5,"INSCRIPCIO INDEGUDA",16,"4314820002","AJUNTAMENT DE TARRAGONA"
2010,5,"EMIGRACIO",589,"4314820002","AJUNTAMENT DE TARRAGONA"
2010,5,"DEFUNCIO",90,"4314820002","AJUNTAMENT DE TARRAGONA"
2010,6,"INSCRIPCIO INDEGUDA",9,"4314820002","AJUNTAMENT DE TARRAGONA"
2010,6,"EMIGRACIO",540,"4314820002","AJUNTAMENT DE TARRAGONA"
2010,6,"DEFUNCIO",70,"4314820002","AJUNTAMENT DE TARRAGONA"
2010,7,"INSCRIPCIO INDEGUDA",193,"4314820002","AJUNTAMENT DE TARRAGONA"
2010,7,"EMIGRACIO",390,"4314820002","AJUNTAMENT DE TARRAGONA"
2010,7,"DEFUNCIO",74,"4314820002","AJUNTAMENT DE TARRAGONA"
2010,8,"INSCRIPCIO INDEGUDA",6,"4314820002","AJUNTAMENT DE TARRAGONA"
2010,8,"EMIGRACIO",534,"4314820002","AJUNTAMENT DE TARRAGONA"
2010,8,"DEFUNCIO",63,"4314820002","AJUNTAMENT DE TARRAGONA"
2010,9,"INSCRIPCIO INDEGUDA",8,"4314820002","AJUNTAMENT DE TARRAGONA"
2010,9,"EMIGRACIO",586,"4314820002","AJUNTAMENT DE TARRAGONA"
2010,9,"DEFUNCIO",74,"4314820002","AJUNTAMENT DE TARRAGONA"
2010,10,"INSCRIPCIO INDEGUDA",218,"4314820002","AJUNTAMENT DE TARRAGONA"
2010,10,"EMIGRACIO",6110,"4314820002","AJUNTAMENT DE TARRAGONA"
2010,10,"DEFUNCIO",87,"4314820002","AJUNTAMENT DE TARRAGONA"
2010,11,"INSCRIPCIO INDEGUDA",8,"4314820002","AJUNTAMENT DE TARRAGONA"
2010,11,"EMIGRACIO",485,"4314820002","AJUNTAMENT DE TARRAGONA"
2010,11,"DEFUNCIO",70,"4314820002","AJUNTAMENT DE TARRAGONA"
2010,12,"INSCRIPCIO INDEGUDA",11,"4314820002","AJUNTAMENT DE TARRAGONA"
2010,12,"EMIGRACIO",499,"4314820002","AJUNTAMENT DE TARRAGONA"
2010,12,"DEFUNCIO",84,"4314820002","AJUNTAMENT DE TARRAGONA"
2009,1,"INSCRIPCIO INDEGUDA",10,"4314820002","AJUNTAMENT DE TARRAGONA"
2009,1,"EMIGRACIO",472,"4314820002","AJUNTAMENT DE TARRAGONA"
2009,1,"DEFUNCIO",101,"4314820002","AJUNTAMENT DE TARRAGONA"
2009,2,"INSCRIPCIO INDEGUDA",5,"4314820002","AJUNTAMENT DE TARRAGONA"
2009,2,"EMIGRACIO",474,"4314820002","AJUNTAMENT DE TARRAGONA"
2009,2,"DEFUNCIO",85,"4314820002","AJUNTAMENT DE TARRAGONA"
2009,3,"INSCRIPCIO INDEGUDA",153,"4314820002","AJUNTAMENT DE TARRAGONA"
2009,3,"EMIGRACIO",559,"4314820002","AJUNTAMENT DE TARRAGONA"
2009,3,"DEFUNCIO",87,"4314820002","AJUNTAMENT DE TARRAGONA"
2009,4,"INSCRIPCIO INDEGUDA",6,"4314820002","AJUNTAMENT DE TARRAGONA"
2009,4,"EMIGRACIO",520,"4314820002","AJUNTAMENT DE TARRAGONA"
2009,4,"DEFUNCIO",83,"4314820002","AJUNTAMENT DE TARRAGONA"
2009,5,"INSCRIPCIO INDEGUDA",10,"4314820002","AJUNTAMENT DE TARRAGONA"
2009,5,"EMIGRACIO",432,"4314820002","AJUNTAMENT DE TARRAGONA"
2009,5,"DEFUNCIO",77,"4314820002","AJUNTAMENT DE TARRAGONA"
2009,6,"INSCRIPCIO INDEGUDA",205,"4314820002","AJUNTAMENT DE TARRAGONA"
2009,6,"EMIGRACIO",490,"4314820002","AJUNTAMENT DE TARRAGONA"
2009,6,"DEFUNCIO",72,"4314820002","AJUNTAMENT DE TARRAGONA"
2009,7,"INSCRIPCIO INDEGUDA",9,"4314820002","AJUNTAMENT DE TARRAGONA"
2009,7,"EMIGRACIO",533,"4314820002","AJUNTAMENT DE TARRAGONA"
2009,7,"DEFUNCIO",70,"4314820002","AJUNTAMENT DE TARRAGONA"
2009,8,"INSCRIPCIO INDEGUDA",9,"4314820002","AJUNTAMENT DE TARRAGONA"
2009,8,"EMIGRACIO",447,"4314820002","AJUNTAMENT DE TARRAGONA"
2009,8,"DEFUNCIO",84,"4314820002","AJUNTAMENT DE TARRAGONA"
2009,9,"INSCRIPCIO INDEGUDA",93,"4314820002","AJUNTAMENT DE TARRAGONA"
2009,9,"EMIGRACIO",580,"4314820002","AJUNTAMENT DE TARRAGONA"
2009,9,"DEFUNCIO",75,"4314820002","AJUNTAMENT DE TARRAGONA"
2009,10,"INSCRIPCIO INDEGUDA",58,"4314820002","AJUNTAMENT DE TARRAGONA"
2009,10,"EMIGRACIO",432,"4314820002","AJUNTAMENT DE TARRAGONA"
2009,10,"DEFUNCIO",87,"4314820002","AJUNTAMENT DE TARRAGONA"
2009,11,"INSCRIPCIO INDEGUDA",8,"4314820002","AJUNTAMENT DE TARRAGONA"
2009,11,"EMIGRACIO",467,"4314820002","AJUNTAMENT DE TARRAGONA"
2009,11,"DEFUNCIO",87,"4314820002","AJUNTAMENT DE TARRAGONA"
2009,12,"INSCRIPCIO INDEGUDA",24,"4314820002","AJUNTAMENT DE TARRAGONA"
2009,12,"EMIGRACIO",446,"4314820002","AJUNTAMENT DE TARRAGONA"
2009,12,"DEFUNCIO",97,"4314820002","AJUNTAMENT DE TARRAGONA"
2008,1,"INSCRIPCIO INDEGUDA",29,"4314820002","AJUNTAMENT DE TARRAGONA"
2008,1,"EMIGRACIO",544,"4314820002","AJUNTAMENT DE TARRAGONA"
2008,1,"DEFUNCIO",93,"4314820002","AJUNTAMENT DE TARRAGONA"
2008,2,"INSCRIPCIO INDEGUDA",13,"4314820002","AJUNTAMENT DE TARRAGONA"
2008,2,"EMIGRACIO",544,"4314820002","AJUNTAMENT DE TARRAGONA"
2008,2,"DEFUNCIO",81,"4314820002","AJUNTAMENT DE TARRAGONA"
2008,3,"INSCRIPCIO INDEGUDA",16,"4314820002","AJUNTAMENT DE TARRAGONA"
2008,3,"EMIGRACIO",533,"4314820002","AJUNTAMENT DE TARRAGONA"
2008,3,"DEFUNCIO",83,"4314820002","AJUNTAMENT DE TARRAGONA"
2008,4,"INSCRIPCIO INDEGUDA",19,"4314820002","AJUNTAMENT DE TARRAGONA"
2008,4,"EMIGRACIO",549,"4314820002","AJUNTAMENT DE TARRAGONA"
2008,4,"DEFUNCIO",83,"4314820002","AJUNTAMENT DE TARRAGONA"
2008,5,"INSCRIPCIO INDEGUDA",66,"4314820002","AJUNTAMENT DE TARRAGONA"
2008,5,"EMIGRACIO",498,"4314820002","AJUNTAMENT DE TARRAGONA"
2008,5,"DEFUNCIO",78,"4314820002","AJUNTAMENT DE TARRAGONA"
2008,6,"INSCRIPCIO INDEGUDA",13,"4314820002","AJUNTAMENT DE TARRAGONA"
2008,6,"EMIGRACIO",553,"4314820002","AJUNTAMENT DE TARRAGONA"
2008,6,"DEFUNCIO",65,"4314820002","AJUNTAMENT DE TARRAGONA"
2008,7,"INSCRIPCIO INDEGUDA",13,"4314820002","AJUNTAMENT DE TARRAGONA"
2008,7,"EMIGRACIO",506,"4314820002","AJUNTAMENT DE TARRAGONA"
2008,7,"DEFUNCIO",72,"4314820002","AJUNTAMENT DE TARRAGONA"
2008,8,"INSCRIPCIO INDEGUDA",13,"4314820002","AJUNTAMENT DE TARRAGONA"
2008,8,"EMIGRACIO",448,"4314820002","AJUNTAMENT DE TARRAGONA"
2008,8,"DEFUNCIO",75,"4314820002","AJUNTAMENT DE TARRAGONA"
2008,9,"INSCRIPCIO INDEGUDA",96,"4314820002","AJUNTAMENT DE TARRAGONA"
2008,9,"EMIGRACIO",565,"4314820002","AJUNTAMENT DE TARRAGONA"
2008,9,"DEFUNCIO",67,"4314820002","AJUNTAMENT DE TARRAGONA"
2008,10,"INSCRIPCIO INDEGUDA",83,"4314820002","AJUNTAMENT DE TARRAGONA"
2008,10,"EMIGRACIO",490,"4314820002","AJUNTAMENT DE TARRAGONA"
2008,10,"DEFUNCIO",77,"4314820002","AJUNTAMENT DE TARRAGONA"
2008,11,"INSCRIPCIO INDEGUDA",5,"4314820002","AJUNTAMENT DE TARRAGONA"
2008,11,"EMIGRACIO",475,"4314820002","AJUNTAMENT DE TARRAGONA"
2008,11,"DEFUNCIO",97,"4314820002","AJUNTAMENT DE TARRAGONA"
2008,12,"INSCRIPCIO INDEGUDA",3,"4314820002","AJUNTAMENT DE TARRAGONA"
2008,12,"EMIGRACIO",417,"4314820002","AJUNTAMENT DE TARRAGONA"
2008,12,"DEFUNCIO",86,"4314820002","AJUNTAMENT DE TARRAGONA"
2007,1,"INSCRIPCIO INDEGUDA",33,"4314820002","AJUNTAMENT DE TARRAGONA"
2007,1,"EMIGRACIO",544,"4314820002","AJUNTAMENT DE TARRAGONA"
2007,1,"DEFUNCIO",109,"4314820002","AJUNTAMENT DE TARRAGONA"
2007,2,"INSCRIPCIO INDEGUDA",33,"4314820002","AJUNTAMENT DE TARRAGONA"
2007,2,"EMIGRACIO",437,"4314820002","AJUNTAMENT DE TARRAGONA"
2007,2,"DEFUNCIO",77,"4314820002","AJUNTAMENT DE TARRAGONA"
2007,3,"INSCRIPCIO INDEGUDA",16,"4314820002","AJUNTAMENT DE TARRAGONA"
2007,3,"EMIGRACIO",615,"4314820002","AJUNTAMENT DE TARRAGONA"
2007,3,"DEFUNCIO",89,"4314820002","AJUNTAMENT DE TARRAGONA"
2007,4,"INSCRIPCIO INDEGUDA",16,"4314820002","AJUNTAMENT DE TARRAGONA"
2007,4,"EMIGRACIO",619,"4314820002","AJUNTAMENT DE TARRAGONA"
2007,4,"DEFUNCIO",74,"4314820002","AJUNTAMENT DE TARRAGONA"
2007,5,"INSCRIPCIO INDEGUDA",14,"4314820002","AJUNTAMENT DE TARRAGONA"
2007,5,"EMIGRACIO",564,"4314820002","AJUNTAMENT DE TARRAGONA"
2007,5,"DEFUNCIO",77,"4314820002","AJUNTAMENT DE TARRAGONA"
2007,6,"INSCRIPCIO INDEGUDA",16,"4314820002","AJUNTAMENT DE TARRAGONA"
2007,6,"EMIGRACIO",502,"4314820002","AJUNTAMENT DE TARRAGONA"
2007,6,"DEFUNCIO",67,"4314820002","AJUNTAMENT DE TARRAGONA"
2007,7,"INSCRIPCIO INDEGUDA",23,"4314820002","AJUNTAMENT DE TARRAGONA"
2007,7,"EMIGRACIO",475,"4314820002","AJUNTAMENT DE TARRAGONA"
2007,7,"DEFUNCIO",79,"4314820002","AJUNTAMENT DE TARRAGONA"
2007,8,"INSCRIPCIO INDEGUDA",23,"4314820002","AJUNTAMENT DE TARRAGONA"
2007,8,"EMIGRACIO",568,"4314820002","AJUNTAMENT DE TARRAGONA"
2007,8,"DEFUNCIO",71,"4314820002","AJUNTAMENT DE TARRAGONA"
2007,9,"INSCRIPCIO INDEGUDA",10,"4314820002","AJUNTAMENT DE TARRAGONA"
2007,9,"EMIGRACIO",597,"4314820002","AJUNTAMENT DE TARRAGONA"
2007,9,"DEFUNCIO",74,"4314820002","AJUNTAMENT DE TARRAGONA"
2007,10,"INSCRIPCIO INDEGUDA",15,"4314820002","AJUNTAMENT DE TARRAGONA"
2007,10,"EMIGRACIO",597,"4314820002","AJUNTAMENT DE TARRAGONA"
2007,10,"DEFUNCIO",67,"4314820002","AJUNTAMENT DE TARRAGONA"
2007,11,"INSCRIPCIO INDEGUDA",23,"4314820002","AJUNTAMENT DE TARRAGONA"
2007,11,"EMIGRACIO",548,"4314820002","AJUNTAMENT DE TARRAGONA"
2007,11,"DEFUNCIO",69,"4314820002","AJUNTAMENT DE TARRAGONA"
2007,12,"INSCRIPCIO INDEGUDA",15,"4314820002","AJUNTAMENT DE TARRAGONA"
2007,12,"EMIGRACIO",393,"4314820002","AJUNTAMENT DE TARRAGONA"
2007,12,"DEFUNCIO",97,"4314820002","AJUNTAMENT DE TARRAGONA"
2006,1,"INSCRIPCIO INDEGUDA",24,"4314820002","AJUNTAMENT DE TARRAGONA"
2006,1,"EMIGRACIO",408,"4314820002","AJUNTAMENT DE TARRAGONA"
2006,1,"DEFUNCIO",103,"4314820002","AJUNTAMENT DE TARRAGONA"
2006,2,"INSCRIPCIO INDEGUDA",37,"4314820002","AJUNTAMENT DE TARRAGONA"
2006,2,"EMIGRACIO",458,"4314820002","AJUNTAMENT DE TARRAGONA"
2006,2,"DEFUNCIO",93,"4314820002","AJUNTAMENT DE TARRAGONA"
2006,3,"INSCRIPCIO INDEGUDA",22,"4314820002","AJUNTAMENT DE TARRAGONA"
2006,3,"EMIGRACIO",583,"4314820002","AJUNTAMENT DE TARRAGONA"
2006,3,"DEFUNCIO",89,"4314820002","AJUNTAMENT DE TARRAGONA"
2006,4,"INSCRIPCIO INDEGUDA",9,"4314820002","AJUNTAMENT DE TARRAGONA"
2006,4,"EMIGRACIO",369,"4314820002","AJUNTAMENT DE TARRAGONA"
2006,4,"DEFUNCIO",67,"4314820002","AJUNTAMENT DE TARRAGONA"
2006,5,"INSCRIPCIO INDEGUDA",16,"4314820002","AJUNTAMENT DE TARRAGONA"
2006,5,"EMIGRACIO",503,"4314820002","AJUNTAMENT DE TARRAGONA"
2006,5,"DEFUNCIO",65,"4314820002","AJUNTAMENT DE TARRAGONA"
2006,6,"INSCRIPCIO INDEGUDA",23,"4314820002","AJUNTAMENT DE TARRAGONA"
2006,6,"EMIGRACIO",517,"4314820002","AJUNTAMENT DE TARRAGONA"
2006,6,"DEFUNCIO",78,"4314820002","AJUNTAMENT DE TARRAGONA"
2006,7,"INSCRIPCIO INDEGUDA",18,"4314820002","AJUNTAMENT DE TARRAGONA"
2006,7,"EMIGRACIO",472,"4314820002","AJUNTAMENT DE TARRAGONA"
2006,7,"DEFUNCIO",90,"4314820002","AJUNTAMENT DE TARRAGONA"
2006,8,"INSCRIPCIO INDEGUDA",11,"4314820002","AJUNTAMENT DE TARRAGONA"
2006,8,"EMIGRACIO",523,"4314820002","AJUNTAMENT DE TARRAGONA"
2006,8,"DEFUNCIO",75,"4314820002","AJUNTAMENT DE TARRAGONA"
2006,9,"INSCRIPCIO INDEGUDA",11,"4314820002","AJUNTAMENT DE TARRAGONA"
2006,9,"EMIGRACIO",607,"4314820002","AJUNTAMENT DE TARRAGONA"
2006,9,"DEFUNCIO",82,"4314820002","AJUNTAMENT DE TARRAGONA"
2006,10,"INSCRIPCIO INDEGUDA",15,"4314820002","AJUNTAMENT DE TARRAGONA"
2006,10,"EMIGRACIO",559,"4314820002","AJUNTAMENT DE TARRAGONA"
2006,10,"DEFUNCIO",65,"4314820002","AJUNTAMENT DE TARRAGONA"
2006,11,"INSCRIPCIO INDEGUDA",29,"4314820002","AJUNTAMENT DE TARRAGONA"
2006,11,"EMIGRACIO",547,"4314820002","AJUNTAMENT DE TARRAGONA"
2006,11,"DEFUNCIO",79,"4314820002","AJUNTAMENT DE TARRAGONA"
2006,12,"INSCRIPCIO INDEGUDA",17,"4314820002","AJUNTAMENT DE TARRAGONA"
2006,12,"EMIGRACIO",492,"4314820002","AJUNTAMENT DE TARRAGONA"
2006,12,"DEFUNCIO",68,"4314820002","AJUNTAMENT DE TARRAGONA"
2005,1,"INSCRIPCIO INDEGUDA",20,"4314820002","AJUNTAMENT DE TARRAGONA"
2005,1,"EMIGRACIO",374,"4314820002","AJUNTAMENT DE TARRAGONA"
2005,1,"DEFUNCIO",134,"4314820002","AJUNTAMENT DE TARRAGONA"
2005,2,"INSCRIPCIO INDEGUDA",26,"4314820002","AJUNTAMENT DE TARRAGONA"
2005,2,"EMIGRACIO",306,"4314820002","AJUNTAMENT DE TARRAGONA"
2005,2,"DEFUNCIO",115,"4314820002","AJUNTAMENT DE TARRAGONA"
2005,3,"INSCRIPCIO INDEGUDA",43,"4314820002","AJUNTAMENT DE TARRAGONA"
2005,3,"EMIGRACIO",395,"4314820002","AJUNTAMENT DE TARRAGONA"
2005,3,"DEFUNCIO",92,"4314820002","AJUNTAMENT DE TARRAGONA"
2005,4,"INSCRIPCIO INDEGUDA",32,"4314820002","AJUNTAMENT DE TARRAGONA"
2005,4,"EMIGRACIO",439,"4314820002","AJUNTAMENT DE TARRAGONA"
2005,4,"DEFUNCIO",75,"4314820002","AJUNTAMENT DE TARRAGONA"
2005,5,"INSCRIPCIO INDEGUDA",33,"4314820002","AJUNTAMENT DE TARRAGONA"
2005,5,"EMIGRACIO",414,"4314820002","AJUNTAMENT DE TARRAGONA"
2005,5,"DEFUNCIO",97,"4314820002","AJUNTAMENT DE TARRAGONA"
2005,6,"INSCRIPCIO INDEGUDA",13,"4314820002","AJUNTAMENT DE TARRAGONA"
2005,6,"EMIGRACIO",418,"4314820002","AJUNTAMENT DE TARRAGONA"
2005,6,"DEFUNCIO",83,"4314820002","AJUNTAMENT DE TARRAGONA"
2005,7,"INSCRIPCIO INDEGUDA",8,"4314820002","AJUNTAMENT DE TARRAGONA"
2005,7,"EMIGRACIO",335,"4314820002","AJUNTAMENT DE TARRAGONA"
2005,7,"DEFUNCIO",74,"4314820002","AJUNTAMENT DE TARRAGONA"
2005,8,"INSCRIPCIO INDEGUDA",14,"4314820002","AJUNTAMENT DE TARRAGONA"
2005,8,"EMIGRACIO",463,"4314820002","AJUNTAMENT DE TARRAGONA"
2005,8,"DEFUNCIO",87,"4314820002","AJUNTAMENT DE TARRAGONA"
2005,9,"INSCRIPCIO INDEGUDA",25,"4314820002","AJUNTAMENT DE TARRAGONA"
2005,9,"EMIGRACIO",503,"4314820002","AJUNTAMENT DE TARRAGONA"
2005,9,"DEFUNCIO",76,"4314820002","AJUNTAMENT DE TARRAGONA"
2005,10,"INSCRIPCIO INDEGUDA",31,"4314820002","AJUNTAMENT DE TARRAGONA"
2005,10,"EMIGRACIO",416,"4314820002","AJUNTAMENT DE TARRAGONA"
2005,10,"DEFUNCIO",76,"4314820002","AJUNTAMENT DE TARRAGONA"
2005,11,"INSCRIPCIO INDEGUDA",32,"4314820002","AJUNTAMENT DE TARRAGONA"
2005,11,"EMIGRACIO",399,"4314820002","AJUNTAMENT DE TARRAGONA"
2005,11,"DEFUNCIO",81,"4314820002","AJUNTAMENT DE TARRAGONA"
2005,12,"INSCRIPCIO INDEGUDA",33,"4314820002","AJUNTAMENT DE TARRAGONA"
2005,12,"EMIGRACIO",417,"4314820002","AJUNTAMENT DE TARRAGONA"
2005,12,"DEFUNCIO",91,"4314820002","AJUNTAMENT DE TARRAGONA"
2004,1,"INSCRIPCIO INDEGUDA",3,"4314820002","AJUNTAMENT DE TARRAGONA"
2004,1,"EMIGRACIO",351,"4314820002","AJUNTAMENT DE TARRAGONA"
2004,1,"DEFUNCIO",105,"4314820002","AJUNTAMENT DE TARRAGONA"
2004,2,"INSCRIPCIO INDEGUDA",23,"4314820002","AJUNTAMENT DE TARRAGONA"
2004,2,"EMIGRACIO",264,"4314820002","AJUNTAMENT DE TARRAGONA"
2004,2,"DEFUNCIO",62,"4314820002","AJUNTAMENT DE TARRAGONA"
2004,3,"INSCRIPCIO INDEGUDA",15,"4314820002","AJUNTAMENT DE TARRAGONA"
2004,3,"EMIGRACIO",328,"4314820002","AJUNTAMENT DE TARRAGONA"
2004,3,"DEFUNCIO",97,"4314820002","AJUNTAMENT DE TARRAGONA"
2004,4,"INSCRIPCIO INDEGUDA",38,"4314820002","AJUNTAMENT DE TARRAGONA"
2004,4,"EMIGRACIO",346,"4314820002","AJUNTAMENT DE TARRAGONA"
2004,4,"DEFUNCIO",85,"4314820002","AJUNTAMENT DE TARRAGONA"
2004,5,"INSCRIPCIO INDEGUDA",26,"4314820002","AJUNTAMENT DE TARRAGONA"
2004,5,"EMIGRACIO",336,"4314820002","AJUNTAMENT DE TARRAGONA"
2004,5,"DEFUNCIO",72,"4314820002","AJUNTAMENT DE TARRAGONA"
2004,6,"INSCRIPCIO INDEGUDA",6,"4314820002","AJUNTAMENT DE TARRAGONA"
2004,6,"EMIGRACIO",306,"4314820002","AJUNTAMENT DE TARRAGONA"
2004,6,"DEFUNCIO",69,"4314820002","AJUNTAMENT DE TARRAGONA"
2004,7,"INSCRIPCIO INDEGUDA",9,"4314820002","AJUNTAMENT DE TARRAGONA"
2004,7,"EMIGRACIO",327,"4314820002","AJUNTAMENT DE TARRAGONA"
2004,7,"DEFUNCIO",91,"4314820002","AJUNTAMENT DE TARRAGONA"
2004,8,"INSCRIPCIO INDEGUDA",9,"4314820002","AJUNTAMENT DE TARRAGONA"
2004,8,"EMIGRACIO",329,"4314820002","AJUNTAMENT DE TARRAGONA"
2004,8,"DEFUNCIO",61,"4314820002","AJUNTAMENT DE TARRAGONA"
2004,9,"INSCRIPCIO INDEGUDA",15,"4314820002","AJUNTAMENT DE TARRAGONA"
2004,9,"EMIGRACIO",369,"4314820002","AJUNTAMENT DE TARRAGONA"
2004,9,"DEFUNCIO",69,"4314820002","AJUNTAMENT DE TARRAGONA"
2004,10,"INSCRIPCIO INDEGUDA",17,"4314820002","AJUNTAMENT DE TARRAGONA"
2004,10,"EMIGRACIO",303,"4314820002","AJUNTAMENT DE TARRAGONA"
2004,10,"DEFUNCIO",71,"4314820002","AJUNTAMENT DE TARRAGONA"
2004,11,"INSCRIPCIO INDEGUDA",13,"4314820002","AJUNTAMENT DE TARRAGONA"
2004,11,"EMIGRACIO",249,"4314820002","AJUNTAMENT DE TARRAGONA"
2004,11,"DEFUNCIO",81,"4314820002","AJUNTAMENT DE TARRAGONA"
2004,12,"INSCRIPCIO INDEGUDA",14,"4314820002","AJUNTAMENT DE TARRAGONA"
2004,12,"EMIGRACIO",364,"4314820002","AJUNTAMENT DE TARRAGONA"
2004,12,"DEFUNCIO",87,"4314820002","AJUNTAMENT DE TARRAGONA"
2003,1,"INSCRIPCIO INDEGUDA",11,"4314820002","AJUNTAMENT DE TARRAGONA"
2003,1,"EMIGRACIO",382,"4314820002","AJUNTAMENT DE TARRAGONA"
2003,1,"DEFUNCIO",119,"4314820002","AJUNTAMENT DE TARRAGONA"
2003,2,"INSCRIPCIO INDEGUDA",15,"4314820002","AJUNTAMENT DE TARRAGONA"
2003,2,"EMIGRACIO",295,"4314820002","AJUNTAMENT DE TARRAGONA"
2003,2,"DEFUNCIO",74,"4314820002","AJUNTAMENT DE TARRAGONA"
2003,3,"INSCRIPCIO INDEGUDA",17,"4314820002","AJUNTAMENT DE TARRAGONA"
2003,3,"EMIGRACIO",327,"4314820002","AJUNTAMENT DE TARRAGONA"
2003,3,"DEFUNCIO",82,"4314820002","AJUNTAMENT DE TARRAGONA"
2003,4,"INSCRIPCIO INDEGUDA",25,"4314820002","AJUNTAMENT DE TARRAGONA"
2003,4,"EMIGRACIO",280,"4314820002","AJUNTAMENT DE TARRAGONA"
2003,4,"DEFUNCIO",76,"4314820002","AJUNTAMENT DE TARRAGONA"
2003,5,"INSCRIPCIO INDEGUDA",40,"4314820002","AJUNTAMENT DE TARRAGONA"
2003,5,"EMIGRACIO",247,"4314820002","AJUNTAMENT DE TARRAGONA"
2003,5,"DEFUNCIO",68,"4314820002","AJUNTAMENT DE TARRAGONA"
2003,6,"INSCRIPCIO INDEGUDA",27,"4314820002","AJUNTAMENT DE TARRAGONA"
2003,6,"EMIGRACIO",297,"4314820002","AJUNTAMENT DE TARRAGONA"
2003,6,"DEFUNCIO",81,"4314820002","AJUNTAMENT DE TARRAGONA"
2003,7,"INSCRIPCIO INDEGUDA",28,"4314820002","AJUNTAMENT DE TARRAGONA"
2003,7,"EMIGRACIO",290,"4314820002","AJUNTAMENT DE TARRAGONA"
2003,7,"DEFUNCIO",97,"4314820002","AJUNTAMENT DE TARRAGONA"
2003,8,"INSCRIPCIO INDEGUDA",3,"4314820002","AJUNTAMENT DE TARRAGONA"
2003,8,"EMIGRACIO",301,"4314820002","AJUNTAMENT DE TARRAGONA"
2003,8,"DEFUNCIO",93,"4314820002","AJUNTAMENT DE TARRAGONA"
2003,9,"INSCRIPCIO INDEGUDA",14,"4314820002","AJUNTAMENT DE TARRAGONA"
2003,9,"EMIGRACIO",391,"4314820002","AJUNTAMENT DE TARRAGONA"
2003,9,"DEFUNCIO",62,"4314820002","AJUNTAMENT DE TARRAGONA"
2003,10,"INSCRIPCIO INDEGUDA",9,"4314820002","AJUNTAMENT DE TARRAGONA"
2003,10,"EMIGRACIO",359,"4314820002","AJUNTAMENT DE TARRAGONA"
2003,10,"DEFUNCIO",78,"4314820002","AJUNTAMENT DE TARRAGONA"
2003,11,"INSCRIPCIO INDEGUDA",2,"4314820002","AJUNTAMENT DE TARRAGONA"
2003,11,"EMIGRACIO",251,"4314820002","AJUNTAMENT DE TARRAGONA"
2003,11,"DEFUNCIO",70,"4314820002","AJUNTAMENT DE TARRAGONA"
2003,12,"INSCRIPCIO INDEGUDA",8,"4314820002","AJUNTAMENT DE TARRAGONA"
2003,12,"EMIGRACIO",332,"4314820002","AJUNTAMENT DE TARRAGONA"
2003,12,"DEFUNCIO",101,"4314820002","AJUNTAMENT DE TARRAGONA"
2002,1,"INSCRIPCIO INDEGUDA",3,"4314820002","AJUNTAMENT DE TARRAGONA"
2002,1,"EMIGRACIO",258,"4314820002","AJUNTAMENT DE TARRAGONA"
2002,1,"DEFUNCIO",105,"4314820002","AJUNTAMENT DE TARRAGONA"
2002,2,"INSCRIPCIO INDEGUDA",10,"4314820002","AJUNTAMENT DE TARRAGONA"
2002,2,"EMIGRACIO",230,"4314820002","AJUNTAMENT DE TARRAGONA"
2002,2,"DEFUNCIO",96,"4314820002","AJUNTAMENT DE TARRAGONA"
2002,3,"INSCRIPCIO INDEGUDA",20,"4314820002","AJUNTAMENT DE TARRAGONA"
2002,3,"EMIGRACIO",171,"4314820002","AJUNTAMENT DE TARRAGONA"
2002,3,"DEFUNCIO",98,"4314820002","AJUNTAMENT DE TARRAGONA"
2002,4,"INSCRIPCIO INDEGUDA",45,"4314820002","AJUNTAMENT DE TARRAGONA"
2002,4,"EMIGRACIO",210,"4314820002","AJUNTAMENT DE TARRAGONA"
2002,4,"DEFUNCIO",72,"4314820002","AJUNTAMENT DE TARRAGONA"
2002,5,"INSCRIPCIO INDEGUDA",31,"4314820002","AJUNTAMENT DE TARRAGONA"
2002,5,"EMIGRACIO",208,"4314820002","AJUNTAMENT DE TARRAGONA"
2002,5,"DEFUNCIO",84,"4314820002","AJUNTAMENT DE TARRAGONA"
2002,6,"INSCRIPCIO INDEGUDA",58,"4314820002","AJUNTAMENT DE TARRAGONA"
2002,6,"EMIGRACIO",221,"4314820002","AJUNTAMENT DE TARRAGONA"
2002,6,"DEFUNCIO",82,"4314820002","AJUNTAMENT DE TARRAGONA"
2002,7,"INSCRIPCIO INDEGUDA",35,"4314820002","AJUNTAMENT DE TARRAGONA"
2002,7,"EMIGRACIO",220,"4314820002","AJUNTAMENT DE TARRAGONA"
2002,7,"DEFUNCIO",66,"4314820002","AJUNTAMENT DE TARRAGONA"
2002,8,"INSCRIPCIO INDEGUDA",18,"4314820002","AJUNTAMENT DE TARRAGONA"
2002,8,"EMIGRACIO",226,"4314820002","AJUNTAMENT DE TARRAGONA"
2002,8,"DEFUNCIO",76,"4314820002","AJUNTAMENT DE TARRAGONA"
2002,9,"INSCRIPCIO INDEGUDA",3,"4314820002","AJUNTAMENT DE TARRAGONA"
2002,9,"EMIGRACIO",286,"4314820002","AJUNTAMENT DE TARRAGONA"
2002,9,"DEFUNCIO",71,"4314820002","AJUNTAMENT DE TARRAGONA"
2002,10,"INSCRIPCIO INDEGUDA",7,"4314820002","AJUNTAMENT DE TARRAGONA"
2002,10,"EMIGRACIO",304,"4314820002","AJUNTAMENT DE TARRAGONA"
2002,10,"DEFUNCIO",69,"4314820002","AJUNTAMENT DE TARRAGONA"
2002,11,"INSCRIPCIO INDEGUDA",7,"4314820002","AJUNTAMENT DE TARRAGONA"
2002,11,"EMIGRACIO",263,"4314820002","AJUNTAMENT DE TARRAGONA"
2002,11,"DEFUNCIO",77,"4314820002","AJUNTAMENT DE TARRAGONA"
2002,12,"INSCRIPCIO INDEGUDA",6,"4314820002","AJUNTAMENT DE TARRAGONA"
2002,12,"EMIGRACIO",278,"4314820002","AJUNTAMENT DE TARRAGONA"
2002,12,"DEFUNCIO",81,"4314820002","AJUNTAMENT DE TARRAGONA"
2001,1,"INSCRIPCIO INDEGUDA",75,"4314820002","AJUNTAMENT DE TARRAGONA"
2001,1,"EMIGRACIO",163,"4314820002","AJUNTAMENT DE TARRAGONA"
2001,1,"DEFUNCIO",67,"4314820002","AJUNTAMENT DE TARRAGONA"
2001,2,"INSCRIPCIO INDEGUDA",24,"4314820002","AJUNTAMENT DE TARRAGONA"
2001,2,"EMIGRACIO",142,"4314820002","AJUNTAMENT DE TARRAGONA"
2001,2,"DEFUNCIO",73,"4314820002","AJUNTAMENT DE TARRAGONA"
2001,3,"INSCRIPCIO INDEGUDA",52,"4314820002","AJUNTAMENT DE TARRAGONA"
2001,3,"EMIGRACIO",181,"4314820002","AJUNTAMENT DE TARRAGONA"
2001,3,"DEFUNCIO",86,"4314820002","AJUNTAMENT DE TARRAGONA"
2001,4,"INSCRIPCIO INDEGUDA",32,"4314820002","AJUNTAMENT DE TARRAGONA"
2001,4,"EMIGRACIO",154,"4314820002","AJUNTAMENT DE TARRAGONA"
2001,4,"DEFUNCIO",70,"4314820002","AJUNTAMENT DE TARRAGONA"
2001,5,"INSCRIPCIO INDEGUDA",43,"4314820002","AJUNTAMENT DE TARRAGONA"
2001,5,"EMIGRACIO",202,"4314820002","AJUNTAMENT DE TARRAGONA"
2001,5,"DEFUNCIO",68,"4314820002","AJUNTAMENT DE TARRAGONA"
2001,6,"INSCRIPCIO INDEGUDA",40,"4314820002","AJUNTAMENT DE TARRAGONA"
2001,6,"EMIGRACIO",186,"4314820002","AJUNTAMENT DE TARRAGONA"
2001,6,"DEFUNCIO",74,"4314820002","AJUNTAMENT DE TARRAGONA"
2001,7,"INSCRIPCIO INDEGUDA",31,"4314820002","AJUNTAMENT DE TARRAGONA"
2001,7,"EMIGRACIO",187,"4314820002","AJUNTAMENT DE TARRAGONA"
2001,7,"DEFUNCIO",75,"4314820002","AJUNTAMENT DE TARRAGONA"
2001,8,"INSCRIPCIO INDEGUDA",24,"4314820002","AJUNTAMENT DE TARRAGONA"
2001,8,"EMIGRACIO",193,"4314820002","AJUNTAMENT DE TARRAGONA"
2001,8,"DEFUNCIO",98,"4314820002","AJUNTAMENT DE TARRAGONA"
2001,9,"INSCRIPCIO INDEGUDA",50,"4314820002","AJUNTAMENT DE TARRAGONA"
2001,9,"EMIGRACIO",187,"4314820002","AJUNTAMENT DE TARRAGONA"
2001,9,"DEFUNCIO",69,"4314820002","AJUNTAMENT DE TARRAGONA"
2001,10,"INSCRIPCIO INDEGUDA",39,"4314820002","AJUNTAMENT DE TARRAGONA"
2001,10,"EMIGRACIO",211,"4314820002","AJUNTAMENT DE TARRAGONA"
2001,10,"DEFUNCIO",72,"4314820002","AJUNTAMENT DE TARRAGONA"
2001,11,"INSCRIPCIO INDEGUDA",217,"4314820002","AJUNTAMENT DE TARRAGONA"
2001,11,"EMIGRACIO",463,"4314820002","AJUNTAMENT DE TARRAGONA"
2001,11,"DEFUNCIO",82,"4314820002","AJUNTAMENT DE TARRAGONA"
2001,12,"INSCRIPCIO INDEGUDA",8,"4314820002","AJUNTAMENT DE TARRAGONA"
2001,12,"EMIGRACIO",200,"4314820002","AJUNTAMENT DE TARRAGONA"
2001,12,"DEFUNCIO",83,"4314820002","AJUNTAMENT DE TARRAGONA"
2000,1,"INSCRIPCIO INDEGUDA",8,"4314820002","AJUNTAMENT DE TARRAGONA"
2000,1,"EMIGRACIO",178,"4314820002","AJUNTAMENT DE TARRAGONA"
2000,1,"DEFUNCIO",99,"4314820002","AJUNTAMENT DE TARRAGONA"
2000,2,"INSCRIPCIO INDEGUDA",8,"4314820002","AJUNTAMENT DE TARRAGONA"
2000,2,"EMIGRACIO",185,"4314820002","AJUNTAMENT DE TARRAGONA"
2000,2,"DEFUNCIO",70,"4314820002","AJUNTAMENT DE TARRAGONA"
2000,3,"INSCRIPCIO INDEGUDA",16,"4314820002","AJUNTAMENT DE TARRAGONA"
2000,3,"EMIGRACIO",222,"4314820002","AJUNTAMENT DE TARRAGONA"
2000,3,"DEFUNCIO",64,"4314820002","AJUNTAMENT DE TARRAGONA"
2000,4,"INSCRIPCIO INDEGUDA",8,"4314820002","AJUNTAMENT DE TARRAGONA"
2000,4,"EMIGRACIO",203,"4314820002","AJUNTAMENT DE TARRAGONA"
2000,4,"DEFUNCIO",72,"4314820002","AJUNTAMENT DE TARRAGONA"
2000,5,"INSCRIPCIO INDEGUDA",15,"4314820002","AJUNTAMENT DE TARRAGONA"
2000,5,"EMIGRACIO",209,"4314820002","AJUNTAMENT DE TARRAGONA"
2000,5,"DEFUNCIO",61,"4314820002","AJUNTAMENT DE TARRAGONA"
2000,6,"INSCRIPCIO INDEGUDA",37,"4314820002","AJUNTAMENT DE TARRAGONA"
2000,6,"EMIGRACIO",169,"4314820002","AJUNTAMENT DE TARRAGONA"
2000,6,"DEFUNCIO",69,"4314820002","AJUNTAMENT DE TARRAGONA"
2000,7,"INSCRIPCIO INDEGUDA",40,"4314820002","AJUNTAMENT DE TARRAGONA"
2000,7,"EMIGRACIO",145,"4314820002","AJUNTAMENT DE TARRAGONA"
2000,7,"DEFUNCIO",70,"4314820002","AJUNTAMENT DE TARRAGONA"
2000,8,"INSCRIPCIO INDEGUDA",60,"4314820002","AJUNTAMENT DE TARRAGONA"
2000,8,"EMIGRACIO",159,"4314820002","AJUNTAMENT DE TARRAGONA"
2000,8,"DEFUNCIO",60,"4314820002","AJUNTAMENT DE TARRAGONA"
2000,9,"INSCRIPCIO INDEGUDA",42,"4314820002","AJUNTAMENT DE TARRAGONA"
2000,9,"EMIGRACIO",191,"4314820002","AJUNTAMENT DE TARRAGONA"
2000,9,"DEFUNCIO",45,"4314820002","AJUNTAMENT DE TARRAGONA"
2000,10,"INSCRIPCIO INDEGUDA",64,"4314820002","AJUNTAMENT DE TARRAGONA"
2000,10,"EMIGRACIO",171,"4314820002","AJUNTAMENT DE TARRAGONA"
2000,10,"DEFUNCIO",75,"4314820002","AJUNTAMENT DE TARRAGONA"
2000,11,"INSCRIPCIO INDEGUDA",32,"4314820002","AJUNTAMENT DE TARRAGONA"
2000,11,"EMIGRACIO",139,"4314820002","AJUNTAMENT DE TARRAGONA"
2000,11,"DEFUNCIO",76,"4314820002","AJUNTAMENT DE TARRAGONA"
2000,12,"INSCRIPCIO INDEGUDA",36,"4314820002","AJUNTAMENT DE TARRAGONA"
2000,12,"EMIGRACIO",145,"4314820002","AJUNTAMENT DE TARRAGONA"
2000,12,"DEFUNCIO",73,"4314820002","AJUNTAMENT DE TARRAGONA"
1999,1,"INSCRIPCIO INDEGUDA",18,"4314820002","AJUNTAMENT DE TARRAGONA"
1999,1,"EMIGRACIO",175,"4314820002","AJUNTAMENT DE TARRAGONA"
1999,1,"DEFUNCIO",96,"4314820002","AJUNTAMENT DE TARRAGONA"
1999,2,"INSCRIPCIO INDEGUDA",22,"4314820002","AJUNTAMENT DE TARRAGONA"
1999,2,"EMIGRACIO",181,"4314820002","AJUNTAMENT DE TARRAGONA"
1999,2,"DEFUNCIO",98,"4314820002","AJUNTAMENT DE TARRAGONA"
1999,3,"INSCRIPCIO INDEGUDA",27,"4314820002","AJUNTAMENT DE TARRAGONA"
1999,3,"EMIGRACIO",196,"4314820002","AJUNTAMENT DE TARRAGONA"
1999,3,"DEFUNCIO",82,"4314820002","AJUNTAMENT DE TARRAGONA"
1999,4,"INSCRIPCIO INDEGUDA",36,"4314820002","AJUNTAMENT DE TARRAGONA"
1999,4,"EMIGRACIO",142,"4314820002","AJUNTAMENT DE TARRAGONA"
1999,4,"DEFUNCIO",75,"4314820002","AJUNTAMENT DE TARRAGONA"
1999,5,"INSCRIPCIO INDEGUDA",35,"4314820002","AJUNTAMENT DE TARRAGONA"
1999,5,"EMIGRACIO",163,"4314820002","AJUNTAMENT DE TARRAGONA"
1999,5,"DEFUNCIO",60,"4314820002","AJUNTAMENT DE TARRAGONA"
1999,6,"INSCRIPCIO INDEGUDA",54,"4314820002","AJUNTAMENT DE TARRAGONA"
1999,6,"EMIGRACIO",134,"4314820002","AJUNTAMENT DE TARRAGONA"
1999,6,"DEFUNCIO",75,"4314820002","AJUNTAMENT DE TARRAGONA"
1999,7,"INSCRIPCIO INDEGUDA",51,"4314820002","AJUNTAMENT DE TARRAGONA"
1999,7,"EMIGRACIO",138,"4314820002","AJUNTAMENT DE TARRAGONA"
1999,7,"DEFUNCIO",61,"4314820002","AJUNTAMENT DE TARRAGONA"
1999,8,"INSCRIPCIO INDEGUDA",52,"4314820002","AJUNTAMENT DE TARRAGONA"
1999,8,"EMIGRACIO",142,"4314820002","AJUNTAMENT DE TARRAGONA"
1999,8,"DEFUNCIO",78,"4314820002","AJUNTAMENT DE TARRAGONA"
1999,9,"INSCRIPCIO INDEGUDA",50,"4314820002","AJUNTAMENT DE TARRAGONA"
1999,9,"EMIGRACIO",220,"4314820002","AJUNTAMENT DE TARRAGONA"
1999,9,"DEFUNCIO",66,"4314820002","AJUNTAMENT DE TARRAGONA"
1999,10,"INSCRIPCIO INDEGUDA",156,"4314820002","AJUNTAMENT DE TARRAGONA"
1999,10,"EMIGRACIO",167,"4314820002","AJUNTAMENT DE TARRAGONA"
1999,10,"DEFUNCIO",70,"4314820002","AJUNTAMENT DE TARRAGONA"
1999,11,"INSCRIPCIO INDEGUDA",57,"4314820002","AJUNTAMENT DE TARRAGONA"
1999,11,"EMIGRACIO",145,"4314820002","AJUNTAMENT DE TARRAGONA"
1999,11,"DEFUNCIO",86,"4314820002","AJUNTAMENT DE TARRAGONA"
1999,12,"INSCRIPCIO INDEGUDA",21,"4314820002","AJUNTAMENT DE TARRAGONA"
1999,12,"EMIGRACIO",189,"4314820002","AJUNTAMENT DE TARRAGONA"
1999,12,"DEFUNCIO",81,"4314820002","AJUNTAMENT DE TARRAGONA"
1998,1,"INSCRIPCIO INDEGUDA",32,"4314820002","AJUNTAMENT DE TARRAGONA"
1998,1,"EMIGRACIO",147,"4314820002","AJUNTAMENT DE TARRAGONA"
1998,1,"DEFUNCIO",86,"4314820002","AJUNTAMENT DE TARRAGONA"
1998,2,"INSCRIPCIO INDEGUDA",52,"4314820002","AJUNTAMENT DE TARRAGONA"
1998,2,"EMIGRACIO",118,"4314820002","AJUNTAMENT DE TARRAGONA"
1998,2,"DEFUNCIO",73,"4314820002","AJUNTAMENT DE TARRAGONA"
1998,3,"INSCRIPCIO INDEGUDA",51,"4314820002","AJUNTAMENT DE TARRAGONA"
1998,3,"EMIGRACIO",194,"4314820002","AJUNTAMENT DE TARRAGONA"
1998,3,"DEFUNCIO",76,"4314820002","AJUNTAMENT DE TARRAGONA"
1998,4,"INSCRIPCIO INDEGUDA",43,"4314820002","AJUNTAMENT DE TARRAGONA"
1998,4,"EMIGRACIO",117,"4314820002","AJUNTAMENT DE TARRAGONA"
1998,4,"DEFUNCIO",52,"4314820002","AJUNTAMENT DE TARRAGONA"
1998,5,"INSCRIPCIO INDEGUDA",33,"4314820002","AJUNTAMENT DE TARRAGONA"
1998,5,"EMIGRACIO",125,"4314820002","AJUNTAMENT DE TARRAGONA"
1998,5,"DEFUNCIO",67,"4314820002","AJUNTAMENT DE TARRAGONA"
1998,6,"INSCRIPCIO INDEGUDA",113,"4314820002","AJUNTAMENT DE TARRAGONA"
1998,6,"EMIGRACIO",144,"4314820002","AJUNTAMENT DE TARRAGONA"
1998,6,"DEFUNCIO",57,"4314820002","AJUNTAMENT DE TARRAGONA"
1998,7,"INSCRIPCIO INDEGUDA",30,"4314820002","AJUNTAMENT DE TARRAGONA"
1998,7,"EMIGRACIO",161,"4314820002","AJUNTAMENT DE TARRAGONA"
1998,7,"DEFUNCIO",64,"4314820002","AJUNTAMENT DE TARRAGONA"
1998,8,"INSCRIPCIO INDEGUDA",45,"4314820002","AJUNTAMENT DE TARRAGONA"
1998,8,"EMIGRACIO",141,"4314820002","AJUNTAMENT DE TARRAGONA"
1998,8,"DEFUNCIO",73,"4314820002","AJUNTAMENT DE TARRAGONA"
1998,9,"INSCRIPCIO INDEGUDA",38,"4314820002","AJUNTAMENT DE TARRAGONA"
1998,9,"EMIGRACIO",182,"4314820002","AJUNTAMENT DE TARRAGONA"
1998,9,"DEFUNCIO",52,"4314820002","AJUNTAMENT DE TARRAGONA"
1998,10,"INSCRIPCIO INDEGUDA",49,"4314820002","AJUNTAMENT DE TARRAGONA"
1998,10,"EMIGRACIO",156,"4314820002","AJUNTAMENT DE TARRAGONA"
1998,10,"DEFUNCIO",67,"4314820002","AJUNTAMENT DE TARRAGONA"
1998,11,"INSCRIPCIO INDEGUDA",43,"4314820002","AJUNTAMENT DE TARRAGONA"
1998,11,"EMIGRACIO",146,"4314820002","AJUNTAMENT DE TARRAGONA"
1998,11,"DEFUNCIO",69,"4314820002","AJUNTAMENT DE TARRAGONA"
1998,12,"INSCRIPCIO INDEGUDA",30,"4314820002","AJUNTAMENT DE TARRAGONA"
1998,12,"EMIGRACIO",179,"4314820002","AJUNTAMENT DE TARRAGONA"
1998,12,"DEFUNCIO",76,"4314820002","AJUNTAMENT DE TARRAGONA"
1997,1,"INSCRIPCIO INDEGUDA",17,"4314820002","AJUNTAMENT DE TARRAGONA"
1997,1,"EMIGRACIO",88,"4314820002","AJUNTAMENT DE TARRAGONA"
1997,1,"DEFUNCIO",74,"4314820002","AJUNTAMENT DE TARRAGONA"
1997,2,"INSCRIPCIO INDEGUDA",10,"4314820002","AJUNTAMENT DE TARRAGONA"
1997,2,"EMIGRACIO",42,"4314820002","AJUNTAMENT DE TARRAGONA"
1997,2,"DEFUNCIO",86,"4314820002","AJUNTAMENT DE TARRAGONA"
1997,3,"INSCRIPCIO INDEGUDA",63,"4314820002","AJUNTAMENT DE TARRAGONA"
1997,3,"EMIGRACIO",132,"4314820002","AJUNTAMENT DE TARRAGONA"
1997,3,"DEFUNCIO",68,"4314820002","AJUNTAMENT DE TARRAGONA"
1997,4,"INSCRIPCIO INDEGUDA",8,"4314820002","AJUNTAMENT DE TARRAGONA"
1997,4,"EMIGRACIO",217,"4314820002","AJUNTAMENT DE TARRAGONA"
1997,4,"DEFUNCIO",64,"4314820002","AJUNTAMENT DE TARRAGONA"
1997,5,"INSCRIPCIO INDEGUDA",5,"4314820002","AJUNTAMENT DE TARRAGONA"
1997,5,"EMIGRACIO",117,"4314820002","AJUNTAMENT DE TARRAGONA"
1997,5,"DEFUNCIO",69,"4314820002","AJUNTAMENT DE TARRAGONA"
1997,6,"INSCRIPCIO INDEGUDA",9,"4314820002","AJUNTAMENT DE TARRAGONA"
1997,6,"EMIGRACIO",73,"4314820002","AJUNTAMENT DE TARRAGONA"
1997,6,"DEFUNCIO",59,"4314820002","AJUNTAMENT DE TARRAGONA"
1997,7,"INSCRIPCIO INDEGUDA",2,"4314820002","AJUNTAMENT DE TARRAGONA"
1997,7,"EMIGRACIO",213,"4314820002","AJUNTAMENT DE TARRAGONA"
1997,7,"DEFUNCIO",68,"4314820002","AJUNTAMENT DE TARRAGONA"
1997,8,"INSCRIPCIO INDEGUDA",49,"4314820002","AJUNTAMENT DE TARRAGONA"
1997,8,"EMIGRACIO",165,"4314820002","AJUNTAMENT DE TARRAGONA"
1997,8,"DEFUNCIO",72,"4314820002","AJUNTAMENT DE TARRAGONA"
1997,9,"INSCRIPCIO INDEGUDA",15,"4314820002","AJUNTAMENT DE TARRAGONA"
1997,9,"EMIGRACIO",185,"4314820002","AJUNTAMENT DE TARRAGONA"
1997,9,"DEFUNCIO",67,"4314820002","AJUNTAMENT DE TARRAGONA"
1997,10,"INSCRIPCIO INDEGUDA",9,"4314820002","AJUNTAMENT DE TARRAGONA"
1997,10,"EMIGRACIO",227,"4314820002","AJUNTAMENT DE TARRAGONA"
1997,10,"DEFUNCIO",80,"4314820002","AJUNTAMENT DE TARRAGONA"
1997,11,"INSCRIPCIO INDEGUDA",8,"4314820002","AJUNTAMENT DE TARRAGONA"
1997,11,"EMIGRACIO",130,"4314820002","AJUNTAMENT DE TARRAGONA"
1997,11,"DEFUNCIO",83,"4314820002","AJUNTAMENT DE TARRAGONA"
1997,12,"INSCRIPCIO INDEGUDA",21,"4314820002","AJUNTAMENT DE TARRAGONA"
1997,12,"EMIGRACIO",155,"4314820002","AJUNTAMENT DE TARRAGONA"
1997,12,"DEFUNCIO",71,"4314820002","AJUNTAMENT DE TARRAGONA"
1996,5,"INSCRIPCIO INDEGUDA",13,"4314820002","AJUNTAMENT DE TARRAGONA"
1996,5,"EMIGRACIO",46,"4314820002","AJUNTAMENT DE TARRAGONA"
1996,5,"DEFUNCIO",36,"4314820002","AJUNTAMENT DE TARRAGONA"
1996,6,"INSCRIPCIO INDEGUDA",3,"4314820002","AJUNTAMENT DE TARRAGONA"
1996,6,"EMIGRACIO",44,"4314820002","AJUNTAMENT DE TARRAGONA"
1996,6,"DEFUNCIO",55,"4314820002","AJUNTAMENT DE TARRAGONA"
1996,7,"EMIGRACIO",57,"4314820002","AJUNTAMENT DE TARRAGONA"
1996,7,"DEFUNCIO",68,"4314820002","AJUNTAMENT DE TARRAGONA"
1996,8,"EMIGRACIO",94,"4314820002","AJUNTAMENT DE TARRAGONA"
1996,8,"DEFUNCIO",69,"4314820002","AJUNTAMENT DE TARRAGONA"
1996,9,"INSCRIPCIO INDEGUDA",1,"4314820002","AJUNTAMENT DE TARRAGONA"
1996,9,"EMIGRACIO",113,"4314820002","AJUNTAMENT DE TARRAGONA"
1996,9,"DEFUNCIO",67,"4314820002","AJUNTAMENT DE TARRAGONA"
1996,10,"INSCRIPCIO INDEGUDA",5,"4314820002","AJUNTAMENT DE TARRAGONA"
1996,10,"EMIGRACIO",134,"4314820002","AJUNTAMENT DE TARRAGONA"
1996,10,"DEFUNCIO",72,"4314820002","AJUNTAMENT DE TARRAGONA"
1996,11,"INSCRIPCIO INDEGUDA",2,"4314820002","AJUNTAMENT DE TARRAGONA"
1996,11,"EMIGRACIO",131,"4314820002","AJUNTAMENT DE TARRAGONA"
1996,11,"DEFUNCIO",67,"4314820002","AJUNTAMENT DE TARRAGONA"
1996,12,"INSCRIPCIO INDEGUDA",3,"4314820002","AJUNTAMENT DE TARRAGONA"
1996,12,"EMIGRACIO",105,"4314820002","AJUNTAMENT DE TARRAGONA"
1996,12,"DEFUNCIO",60,"4314820002","AJUNTAMENT DE TARRAGONA"
1995,6,"DEFUNCIO",1,"4314820002","AJUNTAMENT DE TARRAGONA"
1994,1,"DEFUNCIO",1,"4314820002","AJUNTAMENT DE TARRAGONA"
1994,6,"DEFUNCIO",1,"4314820002","AJUNTAMENT DE TARRAGONA"
1994,10,"EMIGRACIO",2,"4314820002","AJUNTAMENT DE TARRAGONA"
1993,8,"DEFUNCIO",1,"4314820002","AJUNTAMENT DE TARRAGONA"
1992,6,"DEFUNCIO",1,"4314820002","AJUNTAMENT DE TARRAGONA"
1992,12,"DEFUNCIO",1,"4314820002","AJUNTAMENT DE TARRAGONA"
1991,8,"DEFUNCIO",1,"4314820002","AJUNTAMENT DE TARRAGONA"
1988,3,"INSCRIPCIO INDEGUDA",1,"4314820002","AJUNTAMENT DE TARRAGONA"
